"Urban_Area","Pop_Group","Yr","Population","Pop_Rank","Commuters","Freeway_Daily_Miles","Street_Daily_Miles","Value_of_Time","Comm_Value_of_Time","Gas_Cost","Diesel_Cost","Excess_Fuel_Gal","Excess_Fuel_Per_Com","Annual_Delay_Hours","Delay_Per_Commuter","Com_Stress_Ind","Congestion_Cost","Congest_Cost_Per_Com"
"Akron OH 2011","Med","2011","570","70","297","5729","4704","16.79","86.81","3.25","3.69","6141","14","11453","25","1.12","279","622"
"Akron OH 2010","Med","2010","570","70","296","5738","4712","16.3","88.12","2.64","2.96","6099","14","11374","25","1.12","286","637"
"Akron OH 2012","Med","2012","570","71","298","5480","4400","17.14","89.56","3.58","3.87","6299","14","11747","26","1.12","281","625"
"Akron OH 2013","Med","2013","570","73","298","5660","4475","17.39","89.6","3.48","3.91","6404","14","11943","26","1.12","281","627"
"Akron OH 2014","Med","2014","570","73","292","5847","4493","17.67","94.04","3.16","3.67","6586","15","12283","27","1.13","284","634"
"Albany-Schenectady NY 2011","Med","2011","610","66","299","7173","5501","16.79","86.81","3.65","3.99","9650","20","19376","40","1.18","478","990"
"Albany-Schenectady NY 2010","Med","2010","610","67","298","7161","5429","16.3","88.12","2.95","3.21","9554","20","19184","40","1.17","488","1011"
"Albany-Schenectady NY 2012","Med","2012","610","67","300","7060","5490","17.14","89.56","3.75","4.17","9780","20","19638","41","1.18","475","983"
"Albany-Schenectady NY 2013","Med","2013","610","68","300","7068","5513","17.39","89.6","3.79","4.2","9976","21","20031","42","1.18","477","988"
"Albany-Schenectady NY 2014","Med","2014","610","68","300","7273","5623","17.67","94.04","3.63","3.92","10164","21","20409","42","1.18","479","991"
"Albuquerque NM 2011","Med","2011","740","57","364","5469","7627","16.79","86.81","3.31","3.69","10596","19","19771","36","1.18","509","901"
"Albuquerque NM 2010","Med","2010","740","57","370","5326","7566","16.3","88.12","2.71","2.94","10453","18","19503","35","1.18","518","917"
"Albuquerque NM 2012","Med","2012","740","57","360","5025","7220","17.14","89.56","3.24","3.89","10705","19","19975","37","1.19","504","892"
"Albuquerque NM 2013","Med","2013","745","57","359","4818","7584","17.39","89.6","3.42","3.84","10829","19","20206","37","1.19","503","889"
"Albuquerque NM 2014","Med","2014","760","57","380","4736","7834","17.67","94.04","3.2","3.57","10961","19","20452","36","1.18","501","886"
"Allentown PA-NJ 2011","Med","2011","645","63","330","5096","5399","16.79","86.81","3.41","3.79","8527","15","16691","30","1.19","404","713"
"Allentown PA-NJ 2010","Med","2010","640","63","326","5080","5382","16.3","88.12","2.78","3.12","8432","15","16506","30","1.19","412","727"
"Allentown PA-NJ 2012","Med","2012","650","63","333","5080","5400","17.14","89.56","3.55","4","8594","15","16824","30","1.19","399","704"
"Allentown PA-NJ 2013","Med","2013","650","64","333","5310","5284","17.39","89.6","3.52","3.93","8662","15","16956","30","1.19","396","699"
"Allentown PA-NJ 2014","Med","2014","655","64","329","5427","5231","17.67","94.04","3.36","3.69","8743","15","17114","30","1.19","393","694"
"Anchorage AK 2010","Sml","2010","260","95","131","1400","1973","16.3","88.12","3.42","3.66","3316","17","6353","34","1.21","169","854"
"Anchorage AK 2012","Sml","2012","260","95","132","1365","1890","17.14","89.56","3.89","4.18","3564","18","6828","36","1.22","172","872"
"Anchorage AK 2013","Sml","2013","270","95","137","1370","2170","17.39","89.6","4.01","4.29","3625","18","6945","35","1.22","173","874"
"Anchorage AK 2014","Sml","2014","275","95","137","1415","2240","17.67","94.04","3.91","3.98","3847","19","7371","37","1.23","181","913"
"Atlanta GA 2011","Vlg","2011","4360","9","2062","49501","43201","16.79","86.81","3.2","3.64","54738","19","142482","51","1.31","3241","1140"
"Atlanta GA 2010","Vlg","2010","4300","9","2053","48865","42646","16.3","88.12","2.6","2.88","53947","19","140424","50","1.31","3295","1159"
"Atlanta GA 2012","Vlg","2012","4425","9","2054","50245","43850","17.14","89.56","3.43","3.86","55513","20","144501","51","1.31","3221","1132"
"Atlanta GA 2013","Vlg","2013","4475","9","2077","49469","44233","17.39","89.6","3.41","3.86","56536","20","147164","52","1.31","3233","1137"
"Atlanta GA 2014","Vlg","2014","4500","9","2069","51003","46002","17.67","94.04","3.18","3.57","57113","20","148666","52","1.32","3214","1130"
"Austin TX 2011","Lrg","2011","1410","35","711","12650","11004","16.79","86.81","3.29","3.56","19491","20","46010","47","1.41","1080","1098"
"Austin TX 2010","Lrg","2010","1370","36","689","12274","10677","16.3","88.12","2.56","2.83","18547","19","43781","46","1.4","1060","1078"
"Austin TX 2012","Lrg","2012","1460","34","719","12510","10680","17.14","89.56","3.33","3.75","20538","21","48482","49","1.42","1115","1134"
"Austin TX 2013","Lrg","2013","1480","34","712","12849","10805","17.39","89.6","3.37","3.76","21205","22","50055","51","1.43","1135","1154"
"Austin TX 2014","Lrg","2014","1500","34","705","13273","11237","17.67","94.04","3.12","3.47","21654","22","51116","52","1.44","1140","1159"
"Bakersfield CA 2011","Med","2011","510","76","267","2173","4481","16.79","86.81","3.51","4.02","2978","7","6366","16","1.1","180","429"
"Bakersfield CA 2010","Med","2010","508","77","265","2149","4432","16.3","88.12","3.05","3.2","2825","7","6038","15","1.09","176","420"
"Bakersfield CA 2012","Med","2012","515","77","271","2205","4500","17.14","89.56","3.89","4.2","3112","7","6653","16","1.1","184","439"
"Bakersfield CA 2013","Med","2013","520","78","273","2240","5187","17.39","89.6","3.89","4.12","3138","7","6708","16","1.1","183","437"
"Bakersfield CA 2014","Med","2014","525","77","271","2186","4980","17.67","94.04","3.63","3.85","3743","9","8001","19","1.12","215","512"
"Baltimore MD 2010","Lrg","2010","2510","17","1226","26678","18251","16.3","88.12","2.73","2.98","34687","19","78614","44","1.3","2021","1086"
"Baltimore MD 2014","Lrg","2014","2600","18","1261","28412","19258","17.67","94.04","3.28","3.52","38661","21","87620","47","1.32","2075","1115"
"Baton Rouge LA 2011","Med","2011","605","68","317","4858","8012","16.79","86.81","3.28","3.56","10728","22","20530","44","1.23","581","1177"
"Baton Rouge LA 2010","Med","2010","600","68","313","4714","7973","16.3","88.12","2.61","2.84","10670","22","20420","44","1.23","596","1208"
"Baton Rouge LA 2012","Med","2012","610","67","320","4745","8300","17.14","89.56","3.35","3.74","10974","22","21001","44","1.23","583","1180"
"Baton Rouge LA 2013","Med","2013","615","67","323","4922","8388","17.39","89.6","3.34","3.75","11534","23","22072","46","1.24","603","1222"
"Baton Rouge LA 2014","Med","2014","630","65","338","5030","8304","17.67","94.04","3.14","3.48","12104","25","23163","47","1.25","623","1262"
"Beaumont TX 2011","Sml","2011","240","98","128","2985","3266","16.79","86.81","3.29","3.56","3303","14","7306","31","1.18","182","767"
"Beaumont TX 2010","Sml","2010","240","98","128","2973","3253","16.3","88.12","2.56","2.83","3279","14","7253","31","1.18","187","785"
"Beaumont TX 2012","Sml","2012","240","99","130","3005","3210","17.14","89.56","3.33","3.75","3327","14","7359","31","1.18","180","757"
"Beaumont TX 2013","Sml","2013","240","99","130","2963","2655","17.39","89.6","3.37","3.76","3500","15","7743","33","1.19","187","784"
"Beaumont TX 2014","Sml","2014","240","99","130","2981","2705","17.67","94.04","3.12","3.47","3629","15","8028","34","1.19","190","800"
"Birmingham AL 2011","Med","2011","780","54","413","10184","7969","16.79","86.81","3.12","3.59","8654","15","18426","33","1.16","502","891"
"Birmingham AL 2010","Med","2010","775","54","409","10160","7900","16.3","88.12","2.6","2.86","8445","15","17981","33","1.16","505","897"
"Birmingham AL 2012","Med","2012","785","55","417","9595","7865","17.14","89.56","3.33","3.78","8938","16","19031","34","1.16","508","902"
"Birmingham AL 2013","Med","2013","790","55","419","9833","7571","17.39","89.6","3.28","3.78","9081","16","19335","34","1.16","508","903"
"Birmingham AL 2014","Med","2014","795","55","415","10059","7473","17.67","94.04","3.06","3.48","9105","16","19385","34","1.17","501","891"
"Boise ID 2011","Sml","2011","345","91","172","1617","4225","16.79","86.81","3.31","3.77","4522","14","9535","32","1.17","226","699"
"Boise ID 2010","Sml","2010","335","91","166","1592","4159","16.3","88.12","2.84","3.11","4432","14","9345","32","1.17","228","707"
"Boise ID 2012","Sml","2012","355","90","177","1520","4170","17.14","89.56","3.35","4.01","4621","14","9744","32","1.17","226","700"
"Boise ID 2013","Sml","2013","365","88","182","1674","4173","17.39","89.6","3.68","4.02","5005","16","10553","34","1.18","241","747"
"Boise ID 2014","Sml","2014","375","86","186","1691","4281","17.67","94.04","3.57","3.81","5673","18","11963","37","1.2","269","833"
"Boston MA-NH-RI 2011","Vlg","2011","4320","10","1678","42357","34942","16.79","86.81","3.49","3.73","68658","28","147663","62","1.38","3394","1401"
"Boston MA-NH-RI 2010","Vlg","2010","4295","10","1661","42102","34732","16.3","88.12","2.75","3.04","67307","28","144756","61","1.37","3432","1417"
"Boston MA-NH-RI 2012","Vlg","2012","4355","10","1695","40905","35240","17.14","89.56","3.53","3.93","70078","29","150717","63","1.38","3394","1401"
"Boston MA-NH-RI 2013","Vlg","2013","4395","10","1697","41470","36019","17.39","89.6","3.58","3.94","70862","29","152402","63","1.38","3382","1396"
"Boston MA-NH-RI 2014","Vlg","2014","4440","10","1704","41097","36127","17.67","94.04","3.42","3.65","71602","30","153994","64","1.38","3363","1388"
"Boulder CO 2010","Sml","2010","110","101","55","673","1025","16.3","88.12","2.62","2.9","1951","17","3612","35","1.24","85","722"
"Boulder CO 2012","Sml","2012","115","101","59","660","1000","17.14","89.56","3.28","3.85","2051","17","3798","35","1.24","85","721"
"Boulder CO 2013","Sml","2013","120","101","61","630","988","17.39","89.6","3.54","3.8","2121","18","3927","35","1.24","87","735"
"Boulder CO 2014","Sml","2014","125","101","64","610","1025","17.67","94.04","3.33","3.59","2204","19","4080","35","1.24","89","752"
"Bridgeport-Stamford CT-NY 2011","Med","2011","930","49","457","10873","5974","16.79","86.81","3.59","3.9","15541","20","34779","47","1.43","886","1158"
"Bridgeport-Stamford CT-NY 2010","Med","2010","925","48","453","10692","5929","16.3","88.12","2.91","3.2","15304","20","34249","47","1.43","900","1176"
"Bridgeport-Stamford CT-NY 2012","Med","2012","935","49","461","10410","5980","17.14","89.56","3.75","4.17","15883","21","35544","48","1.44","887","1160"
"Bridgeport-Stamford CT-NY 2013","Med","2013","950","49","468","10214","5794","17.39","89.6","3.82","4.2","16298","21","36474","49","1.44","897","1173"
"Bridgeport-Stamford CT-NY 2014","Med","2014","955","49","479","10030","5649","17.67","94.04","3.65","3.87","16586","22","37119","49","1.44","898","1174"
"Brownsville TX 2011","Sml","2011","205","100","108","842","1517","16.79","86.81","3.29","3.56","1837","11","3457","22","1.16","84","512"
"Brownsville TX 2010","Sml","2010","200","100","105","830","1496","16.3","88.12","2.56","2.83","1785","11","3360","22","1.16","84","513"
"Brownsville TX 2012","Sml","2012","205","100","108","935","1505","17.14","89.56","3.33","3.75","1847","11","3475","22","1.16","82","504"
"Brownsville TX 2013","Sml","2013","210","100","111","754","1508","17.39","89.6","3.37","3.76","1857","11","3494","22","1.16","82","499"
"Brownsville TX 2014","Sml","2014","210","100","112","724","1568","17.67","94.04","3.12","3.47","1866","11","3511","21","1.16","81","494"
"Buffalo NY 2011","Med","2011","1000","45","455","6931","9604","16.79","86.81","3.65","3.99","13757","20","26285","38","1.17","639","946"
"Buffalo NY 2010","Med","2010","1015","43","459","6938","9613","16.3","88.12","2.95","3.21","13509","20","25811","37","1.17","647","958"
"Buffalo NY 2012","Med","2012","985","45","457","6560","9515","17.14","89.56","3.75","4.17","13870","21","26500","38","1.18","631","935"
"Buffalo NY 2013","Med","2013","965","47","448","6662","9409","17.39","89.6","3.79","4.2","13983","21","26716","39","1.18","627","929"
"Buffalo NY 2014","Med","2014","945","50","451","6709","9164","17.67","94.04","3.63","3.92","14053","21","26851","40","1.18","620","918"
"Cape Coral FL 2011","Med","2011","505","78","261","1793","5879","16.79","86.81","3.24","3.65","5504","13","12654","33","1.2","296","688"
"Cape Coral FL 2010","Med","2010","490","78","252","1763","5780","16.3","88.12","2.74","2.96","5499","13","12642","34","1.2","305","709"
"Cape Coral FL 2012","Med","2012","520","75","269","1730","5860","17.14","89.56","3.5","3.87","5548","13","12754","32","1.19","293","679"
"Cape Coral FL 2013","Med","2013","545","75","282","1768","5808","17.39","89.6","3.47","3.9","5591","13","12854","31","1.18","291","674"
"Cape Coral FL 2014","Med","2014","570","73","290","1787","5936","17.67","94.04","3.27","3.6","5637","13","12959","30","1.18","288","669"
"Charleston-North Charleston SC 2011","Med","2011","550","74","278","3754","6021","16.79","86.81","3.14","3.53","8593","19","17543","42","1.27","471","1050"
"Charleston-North Charleston SC 2010","Med","2010","535","74","269","3677","5897","16.3","88.12","2.56","2.8","8264","18","16871","42","1.27","468","1041"
"Charleston-North Charleston SC 2012","Med","2012","570","71","288","3705","5995","17.14","89.56","3.27","3.72","8798","20","17960","42","1.27","473","1053"
"Charleston-North Charleston SC 2013","Med","2013","590","70","298","3822","5968","17.39","89.6","3.23","3.7","8905","20","18178","41","1.26","472","1050"
"Charleston-North Charleston SC 2014","Med","2014","600","69","298","3971","6141","17.67","94.04","3","3.43","9024","20","18422","41","1.27","470","1047"
"Charlotte NC-SC 2011","Lrg","2011","1100","40","558","12797","10066","16.79","86.81","3.32","3.64","12619","16","31320","42","1.28","743","929"
"Charlotte NC-SC 2010","Lrg","2010","1070","40","541","12582","9897","16.3","88.12","2.7","2.93","12232","15","30360","42","1.28","743","929"
"Charlotte NC-SC 2012","Lrg","2012","1140","40","579","12285","9770","17.14","89.56","3.49","3.89","13138","16","32610","42","1.29","758","948"
"Charlotte NC-SC 2013","Lrg","2013","1170","40","595","12416","10225","17.39","89.6","3.44","3.89","13658","17","33900","43","1.29","777","971"
"Charlotte NC-SC 2014","Lrg","2014","1200","38","598","12776","10348","17.67","94.04","3.19","3.57","13760","17","34153","43","1.29","770","963"
"Chicago IL-IN 2011","Vlg","2011","8620","3","3673","62791","51500","16.79","86.81","3.51","3.74","143592","29","295531","57","1.32","7423","1485"
"Chicago IL-IN 2010","Vlg","2010","8583","3","3705","60800","49326","16.3","88.12","2.79","3.04","141451","28","291125","55","1.32","7543","1509"
"Chicago IL-IN 2012","Vlg","2012","8650","3","3638","55380","48145","17.14","89.56","3.73","3.92","144252","29","296890","57","1.33","7306","1462"
"Chicago IL-IN 2013","Vlg","2013","8675","3","3573","56433","76308","17.39","89.6","3.78","3.98","146370","29","301248","59","1.34","7306","1462"
"Chicago IL-IN 2014","Vlg","2014","8700","3","3445","57279","79284","17.67","94.04","3.37","3.7","147031","29","302609","61","1.34","7222","1445"
"Cincinnati OH-KY-IN 2011","Lrg","2011","1625","30","853","19370","13323","16.79","86.81","3.25","3.69","23647","20","45705","39","1.2","1149","981"
"Cincinnati OH-KY-IN 2010","Lrg","2010","1620","30","848","19314","12784","16.3","88.12","2.64","2.96","22741","19","43953","37","1.19","1140","973"
"Cincinnati OH-KY-IN 2012","Lrg","2012","1630","30","858","18550","13380","17.14","89.56","3.58","3.87","24586","21","47519","40","1.2","1171","999"
"Cincinnati OH-KY-IN 2013","Lrg","2013","1635","30","860","18070","15439","17.39","89.6","3.48","3.91","24748","21","47833","40","1.2","1162","991"
"Cincinnati OH-KY-IN 2014","Lrg","2014","1640","30","833","18088","15593","17.67","94.04","3.17","3.65","25086","21","48485","41","1.21","1159","989"
"Cleveland OH 2011","Lrg","2011","1775","28","891","18569","12222","16.79","86.81","3.25","3.69","24993","21","44075","37","1.18","1077","913"
"Cleveland OH 2010","Lrg","2010","1780","27","897","18635","12265","16.3","88.12","2.64","2.96","24315","21","42879","36","1.17","1081","916"
"Cleveland OH 2012","Lrg","2012","1770","28","886","16880","12120","17.14","89.56","3.58","3.87","25192","21","44425","37","1.18","1064","902"
"Cleveland OH 2013","Lrg","2013","1765","29","880","17868","12862","17.39","89.6","3.48","3.91","25390","22","44774","38","1.18","1056","896"
"Cleveland OH 2014","Lrg","2014","1765","28","874","18297","13364","17.67","94.04","3.16","3.67","25547","22","45051","38","1.18","1046","887"
"Colorado Springs CO 2011","Med","2011","570","70","283","4624","5129","16.79","86.81","3.27","3.67","7292","16","15208","34","1.16","355","769"
"Colorado Springs CO 2010","Med","2010","560","71","277","4315","5055","16.3","88.12","2.62","2.9","7186","16","14987","34","1.16","361","782"
"Colorado Springs CO 2012","Med","2012","580","70","288","4500","4800","17.14","89.56","3.28","3.85","7339","16","15307","34","1.16","350","758"
"Colorado Springs CO 2013","Med","2013","590","70","293","4547","5160","17.39","89.6","3.54","3.8","7387","16","15406","33","1.16","347","752"
"Colorado Springs CO 2014","Med","2014","595","71","290","4652","5366","17.67","94.04","3.33","3.59","7700","17","16058","35","1.16","356","772"
"Columbia SC 2011","Med","2011","555","73","282","6106","5174","16.79","86.81","3.14","3.53","7630","18","15526","38","1.18","410","953"
"Columbia SC 2010","Med","2010","545","73","276","6056","5132","16.3","88.12","2.56","2.8","7568","18","15398","38","1.18","419","975"
"Columbia SC 2012","Med","2012","565","73","288","5790","5150","17.14","89.56","3.27","3.72","7828","18","15928","38","1.18","412","958"
"Columbia SC 2013","Med","2013","575","72","293","5846","5270","17.39","89.6","3.23","3.7","7927","18","16130","38","1.18","411","956"
"Columbia SC 2014","Med","2014","585","72","293","6016","5460","17.67","94.04","3","3.43","8018","19","16315","38","1.18","409","951"
"Columbus OH 2011","Lrg","2011","1390","37","719","16466","10872","16.79","86.81","3.25","3.69","18089","18","36436","38","1.21","883","894"
"Columbus OH 2010","Lrg","2010","1370","36","707","16000","10500","16.3","88.12","2.64","2.96","17804","18","35862","38","1.21","896","908"
"Columbus OH 2012","Lrg","2012","1410","36","731","15245","9855","17.14","89.56","3.58","3.87","19170","19","38615","40","1.22","917","928"
"Columbus OH 2013","Lrg","2013","1440","36","747","16182","11241","17.39","89.6","3.48","3.91","19755","20","39793","40","1.22","931","943"
"Columbus OH 2014","Lrg","2014","1455","36","740","16360","11421","17.67","94.04","3.16","3.67","19870","20","40025","41","1.22","921","933"
"Corpus Christi TX 2011","Sml","2011","335","92","176","2942","2706","16.79","86.81","3.29","3.56","3561","14","6942","27","1.14","163","635"
"Corpus Christi TX 2010","Sml","2010","335","91","175","2916","2682","16.3","88.12","2.56","2.83","3514","14","6851","27","1.14","166","647"
"Corpus Christi TX 2012","Sml","2012","340","92","178","2860","2680","17.14","89.56","3.33","3.75","3866","15","7537","29","1.15","174","676"
"Corpus Christi TX 2013","Sml","2013","340","92","178","2985","2717","17.39","89.6","3.37","3.76","4068","16","7932","31","1.16","180","701"
"Corpus Christi TX 2014","Sml","2014","340","92","175","3054","2793","17.67","94.04","3.12","3.47","4110","16","8012","31","1.16","179","697"
"Dallas-Fort Worth-Arlington TX 2011","Vlg","2011","5260","6","2609","62600","44012","16.79","86.81","3.29","3.56","73483","21","172651","49","1.31","4093","1154"
"Dallas-Fort Worth-Arlington TX 2010","Vlg","2010","5160","6","2606","61386","43159","16.3","88.12","2.56","2.83","70341","20","165268","47","1.3","4042","1140"
"Dallas-Fort Worth-Arlington TX 2012","Vlg","2012","5365","6","2565","64235","43900","17.14","89.56","3.33","3.75","76819","22","180490","51","1.32","4192","1182"
"Dallas-Fort Worth-Arlington TX 2013","Vlg","2013","5435","6","2549","64670","42827","17.39","89.6","3.37","3.76","78453","22","184328","52","1.33","4220","1190"
"Dallas-Fort Worth-Arlington TX 2014","Vlg","2014","5485","6","2573","64411","41713","17.67","94.04","3.12","3.47","79392","22","186535","53","1.33","4202","1185"
"Dayton OH 2011","Med","2011","745","56","384","7384","6335","16.79","86.81","3.25","3.69","7220","12","14184","24","1.12","354","603"
"Dayton OH 2010","Med","2010","745","56","383","7318","6310","16.3","88.12","2.64","2.96","7140","12","14027","24","1.11","361","615"
"Dayton OH 2012","Med","2012","745","56","385","6905","6235","17.14","89.56","3.58","3.87","7283","12","14308","24","1.12","350","596"
"Dayton OH 2013","Med","2013","740","58","382","6957","5217","17.39","89.6","3.48","3.91","7346","13","14433","24","1.12","348","593"
"Dayton OH 2014","Med","2014","740","59","376","7006","5280","17.67","94.04","3.16","3.67","7434","13","14604","25","1.12","346","590"
"Denver-Aurora CO 2010","Lrg","2010","2360","19","1276","21817","21193","16.3","88.12","2.62","2.9","41025","22","83544","47","1.35","2043","1092"
"Denver-Aurora CO 2012","Lrg","2012","2475","18","1301","20980","20600","17.14","89.56","3.28","3.85","43146","23","87862","48","1.35","2041","1091"
"Denver-Aurora CO 2013","Lrg","2013","2550","18","1297","21242","20356","17.39","89.6","3.54","3.8","44502","24","90623","49","1.36","2075","1109"
"Denver-Aurora CO 2014","Lrg","2014","2615","17","1307","21709","21048","17.67","94.04","3.33","3.59","44922","24","91479","49","1.36","2061","1101"
"Detroit MI 2011","Vlg","2011","3850","11","2035","32778","46953","16.79","86.81","3.46","3.74","69335","23","146265","50","1.25","3482","1172"
"Detroit MI 2010","Vlg","2010","3875","11","2041","31800","47500","16.3","88.12","2.68","2.94","67483","23","142358","48","1.25","3496","1177"
"Detroit MI 2012","Vlg","2012","3825","12","2026","30085","45295","17.14","89.56","3.68","3.93","70879","24","149522","51","1.26","3488","1174"
"Detroit MI 2013","Vlg","2013","3805","12","2015","32689","43795","17.39","89.6","3.65","3.96","71384","24","150587","52","1.26","3462","1165"
"Detroit MI 2014","Vlg","2014","3825","12","2072","33441","44627","17.67","94.04","3.3","3.72","73645","25","155358","52","1.27","3514","1183"
"El Paso TX-NM 2011","Med","2011","775","55","402","5684","6314","16.79","86.81","3.29","3.56","9008","16","18408","33","1.22","445","770"
"El Paso TX-NM 2010","Med","2010","750","55","388","5569","6186","16.3","88.12","2.56","2.83","8892","15","18171","34","1.22","453","784"
"El Paso TX-NM 2012","Med","2012","790","54","411","5800","6225","17.14","89.56","3.33","3.75","9233","16","18868","34","1.22","447","773"
"El Paso TX-NM 2013","Med","2013","805","54","418","5806","5667","17.39","89.6","3.37","3.76","9311","16","19028","33","1.22","444","768"
"El Paso TX-NM 2014","Med","2014","820","54","419","5777","5633","17.67","94.04","3.12","3.47","9360","16","19127","33","1.22","439","760"
"Eugene OR 2011","Sml","2011","250","96","111","1763","1866","16.79","86.81","3.56","3.91","3571","18","6086","32","1.19","156","810"
"Eugene OR 2010","Sml","2010","245","96","108","1746","1860","16.3","88.12","2.86","3.1","3425","18","5837","31","1.18","155","802"
"Eugene OR 2012","Sml","2012","250","96","111","1605","1910","17.14","89.56","3.67","4.06","3624","19","6177","32","1.19","156","806"
"Eugene OR 2013","Sml","2013","250","96","112","1583","1852","17.39","89.6","3.7","3.92","3678","19","6268","33","1.19","156","806"
"Eugene OR 2014","Sml","2014","250","98","113","1597","1798","17.67","94.04","3.51","3.69","3728","19","6354","33","1.19","155","804"
"Fresno CA 2011","Med","2011","670","62","344","3857","6318","16.79","86.81","3.51","4.02","5267","10","10959","22","1.32","245","482"
"Fresno CA 2010","Med","2010","670","62","343","3835","6281","16.3","88.12","3.05","3.2","5194","10","10806","21","1.32","249","491"
"Fresno CA 2012","Med","2012","675","62","347","3820","6110","17.14","89.56","3.89","4.2","5290","10","11007","21","1.32","241","475"
"Fresno CA 2013","Med","2013","675","62","347","3129","7217","17.39","89.6","3.89","4.12","5505","11","11454","22","1.32","247","487"
"Fresno CA 2014","Med","2014","675","62","341","3160","7289","17.67","94.04","3.63","3.85","5682","11","11823","23","1.33","251","495"
"Grand Rapids MI 2011","Med","2011","610","66","312","5624","7725","16.79","86.81","3.46","3.74","9717","18","19833","38","1.19","455","827"
"Grand Rapids MI 2010","Med","2010","619","66","315","5527","7800","16.3","88.12","2.38","2.94","9407","17","19201","36","1.19","455","826"
"Grand Rapids MI 2012","Med","2012","615","66","320","5305","7410","17.14","89.56","3.68","3.93","10012","18","20433","38","1.2","459","835"
"Grand Rapids MI 2013","Med","2013","620","66","323","5480","7312","17.39","89.6","3.65","3.96","10404","19","21234","40","1.2","471","855"
"Grand Rapids MI 2014","Med","2014","630","65","333","5617","7539","17.67","94.04","3.3","3.72","10552","19","21536","39","1.2","470","854"
"Greensboro NC 2011","Sml","2011","325","94","168","4583","3178","16.79","86.81","3.32","3.64","3444","14","7685","31","1.1","180","721"
"Greensboro NC 2010","Sml","2010","325","93","167","4450","3120","16.3","88.12","2.7","2.93","3369","13","7519","30","1.1","182","728"
"Greensboro NC 2012","Sml","2012","330","93","170","4535","3260","17.14","89.56","3.49","3.89","3473","14","7751","31","1.1","178","713"
"Greensboro NC 2013","Sml","2013","330","94","170","4477","3086","17.39","89.6","3.44","3.89","3503","14","7818","31","1.1","177","709"
"Greensboro NC 2014","Sml","2014","330","94","167","4531","3123","17.67","94.04","3.2","3.58","3534","14","7887","32","1.11","176","703"
"Hartford CT 2011","Med","2011","905","51","450","11693","7428","16.79","86.81","3.59","3.9","13073","21","27594","44","1.23","673","1066"
"Hartford CT 2010","Med","2010","900","51","446","11580","7420","16.3","88.12","2.91","3.2","13424","21","28334","45","1.23","713","1129"
"Hartford CT 2012","Med","2012","905","51","450","10545","7520","17.14","89.56","3.78","4.15","13182","21","27824","44","1.23","665","1053"
"Hartford CT 2013","Med","2013","905","51","450","10785","7322","17.39","89.6","3.82","4.2","13291","21","28054","44","1.23","660","1046"
"Hartford CT 2014","Med","2014","910","51","447","11022","7073","17.67","94.04","3.65","3.87","13406","21","28296","45","1.23","656","1038"
"Honolulu HI 2011","Med","2011","800","53","364","6265","3148","16.79","86.81","3.66","4.43","13478","25","26417","50","1.53","619","1130"
"Honolulu HI 2010","Med","2010","780","53","354","6213","3110","16.3","88.12","3.47","4.04","13157","24","25788","51","1.53","624","1138"
"Honolulu HI 2012","Med","2012","820","53","374","5855","3125","17.14","89.56","4.11","4.79","13738","25","26926","50","1.52","618","1128"
"Honolulu HI 2013","Med","2013","835","53","381","5959","3139","17.39","89.6","4.35","4.91","13951","25","27344","50","1.52","619","1129"
"Honolulu HI 2014","Med","2014","845","53","379","6066","3252","17.67","94.04","4.21","4.86","14118","26","27672","50","1.53","616","1125"
"Houston TX 2011","Vlg","2011","4830","7","2370","54700","40768","16.79","86.81","3.29","3.56","80314","24","173040","54","1.35","4413","1335"
"Houston TX 2010","Vlg","2010","4750","7","2373","54300","39587","16.3","88.12","2.56","2.83","76689","23","165230","51","1.34","4347","1315"
"Houston TX 2012","Vlg","2012","4900","7","2404","53620","40705","17.14","89.56","3.33","3.75","87701","27","188957","58","1.37","4722","1429"
"Houston TX 2013","Vlg","2013","4950","7","2384","51518","38480","17.39","89.6","3.37","3.76","92053","28","198332","61","1.39","4884","1478"
"Houston TX 2014","Vlg","2014","5000","7","2408","51673","39211","17.67","94.04","3.12","3.47","94300","29","203173","61","1.39","4924","1490"
"Indianapolis IN 2011","Lrg","2011","1450","33","742","14205","14283","16.79","86.81","3.34","3.7","23811","22","44110","43","1.19","1142","1060"
"Indianapolis IN 2010","Lrg","2010","1425","34","740","13800","13900","16.3","88.12","2.66","2.94","23555","22","43636","43","1.19","1165","1082"
"Indianapolis IN 2012","Lrg","2012","1485","33","748","13640","16295","17.14","89.56","3.6","3.89","24152","22","44742","43","1.19","1135","1054"
"Indianapolis IN 2013","Lrg","2013","1520","33","766","12684","15782","17.39","89.6","3.55","3.91","24774","23","45894","44","1.19","1147","1065"
"Indianapolis IN 2014","Lrg","2014","1555","33","782","12735","16382","17.67","94.04","3.26","3.68","25066","23","46435","43","1.19","1142","1060"
"Indio-Cathedral City CA 2011","Sml","2011","350","90","175","1058","4473","16.79","86.81","3.51","4.02","662","2","1690","6","1.26","43","158"
"Indio-Cathedral City CA 2010","Sml","2010","350","89","175","1088","4435","16.3","88.12","3.05","3.2","656","2","1676","6","1.26","43","161"
"Indio-Cathedral City CA 2012","Sml","2012","355","90","178","1065","4480","17.14","89.56","3.89","4.2","662","2","1690","6","1.26","42","154"
"Indio-Cathedral City CA 2013","Sml","2013","360","90","181","2012","4308","17.39","89.6","3.89","4.12","662","2","1690","6","1.26","41","152"
"Indio-Cathedral City CA 2014","Sml","2014","365","90","180","2056","4403","17.67","94.04","3.63","3.85","660","2","1685","6","1.26","40","149"
"Jackson MS 2011","Sml","2011","355","88","190","4664","6501","16.79","86.81","3.21","3.54","4715","15","11830","37","1.14","285","890"
"Jackson MS 2010","Sml","2010","355","88","189","4620","6440","16.3","88.12","2.58","2.81","4641","14","11644","37","1.14","290","903"
"Jackson MS 2012","Sml","2012","360","88","193","4600","6470","17.14","89.56","3.31","3.73","4775","15","11981","37","1.14","283","883"
"Jackson MS 2013","Sml","2013","360","90","193","4597","6309","17.39","89.6","3.3","3.72","4835","15","12131","38","1.14","282","881"
"Jackson MS 2014","Sml","2014","360","91","193","4602","6208","17.67","94.04","3.06","3.45","4897","15","12287","38","1.14","282","878"
"Jacksonville FL 2011","Lrg","2011","1065","41","560","12226","9360","16.79","86.81","3.24","3.65","11488","15","28265","36","1.19","660","844"
"Jacksonville FL 2010","Lrg","2010","1060","41","555","12113","9400","16.3","88.12","2.74","2.96","11817","15","29073","38","1.19","700","896"
"Jacksonville FL 2012","Lrg","2012","1075","41","566","11535","8905","17.14","89.56","3.5","3.87","11865","15","29191","37","1.19","668","854"
"Jacksonville FL 2013","Lrg","2013","1080","41","569","11468","8947","17.39","89.6","3.47","3.9","11957","15","29418","37","1.19","663","849"
"Jacksonville FL 2014","Lrg","2014","1085","43","560","11801","9189","17.67","94.04","3.27","3.6","12063","15","29680","38","1.19","659","842"
"Kansas City MO-KS 2011","Lrg","2011","1585","31","837","21701","12242","16.79","86.81","3.24","3.54","20556","18","43878","38","1.16","1099","945"
"Kansas City MO-KS 2010","Lrg","2010","1575","31","829","21564","12500","16.3","88.12","2.49","2.77","20152","17","43015","37","1.16","1112","956"
"Kansas City MO-KS 2012","Lrg","2012","1595","31","840","21315","12755","17.14","89.56","3.3","3.69","20832","18","44466","38","1.17","1091","939"
"Kansas City MO-KS 2013","Lrg","2013","1600","31","839","22187","12773","17.39","89.6","3.36","3.67","21108","18","45055","38","1.17","1090","937"
"Kansas City MO-KS 2014","Lrg","2014","1600","32","831","22986","12479","17.67","94.04","3.16","3.47","21349","18","45570","39","1.17","1085","933"
"Knoxville TN 2011","Med","2011","585","69","308","5438","6541","16.79","86.81","3.21","3.57","6904","16","14370","34","1.15","371","859"
"Knoxville TN 2010","Med","2010","580","69","304","5395","6490","16.3","88.12","2.58","2.84","6817","16","14189","34","1.15","378","875"
"Knoxville TN 2012","Med","2012","590","69","311","5405","6545","17.14","89.56","3.32","3.75","7128","16","14837","34","1.16","376","869"
"Knoxville TN 2013","Med","2013","595","69","313","5758","6530","17.39","89.6","3.29","3.78","7160","17","14903","34","1.16","372","860"
"Knoxville TN 2014","Med","2014","600","69","310","5862","6550","17.67","94.04","3.05","3.49","7180","17","14946","35","1.16","367","849"
"Lancaster-Palmdale CA 2011","Sml","2011","330","93","172","1005","3878","16.79","86.81","3.51","4.02","1201","5","4088","16","1.32","91","359"
"Lancaster-Palmdale CA 2010","Sml","2010","325","93","169","1020","3865","16.3","88.12","3.05","3.2","1187","5","4042","16","1.32","92","367"
"Lancaster-Palmdale CA 2012","Sml","2012","330","93","173","990","3885","17.14","89.56","3.89","4.2","1210","5","4121","16","1.32","89","355"
"Lancaster-Palmdale CA 2013","Sml","2013","335","93","175","975","3781","17.39","89.6","3.89","4.12","1220","5","4154","16","1.32","89","353"
"Lancaster-Palmdale CA 2014","Sml","2014","335","93","172","984","3785","17.67","94.04","3.63","3.85","1228","5","4181","17","1.32","88","349"
"Laredo TX 2011","Sml","2011","235","99","123","586","1917","16.79","86.81","3.29","3.56","1908","9","3512","17","1.2","101","468"
"Laredo TX 2010","Sml","2010","230","99","120","574","1876","16.3","88.12","2.56","2.83","1848","9","3401","17","1.2","101","467"
"Laredo TX 2012","Sml","2012","245","98","129","550","1880","17.14","89.56","3.33","3.75","2034","9","3743","18","1.21","106","488"
"Laredo TX 2013","Sml","2013","250","96","132","574","1896","17.39","89.6","3.37","3.76","2105","10","3873","18","1.21","108","498"
"Laredo TX 2014","Sml","2014","255","96","132","597","1942","17.67","94.04","3.12","3.47","2130","10","3919","18","1.21","107","496"
"Las Vegas-Henderson NV 2011","Lrg","2011","1830","25","940","11980","15145","16.79","86.81","3.4","3.73","28179","20","59824","45","1.28","1359","972"
"Las Vegas-Henderson NV 2010","Lrg","2010","1800","25","924","11600","14700","16.3","88.12","2.86","3","28403","20","60299","46","1.29","1413","1011"
"Las Vegas-Henderson NV 2012","Lrg","2012","1880","24","953","10990","15150","17.14","89.56","3.54","3.93","28487","20","60478","45","1.28","1346","963"
"Las Vegas-Henderson NV 2013","Lrg","2013","1925","24","968","11011","14499","17.39","89.6","3.62","3.89","29219","21","62032","45","1.28","1360","974"
"Las Vegas-Henderson NV 2014","Lrg","2014","1975","24","982","11297","14267","17.67","94.04","3.43","3.71","30001","21","63693","46","1.28","1375","984"
"Little Rock AR 2011","Sml","2011","445","81","237","7915","4913","16.79","86.81","3.13","3.61","5145","13","14468","37","1.17","346","878"
"Little Rock AR 2010","Sml","2010","440","81","233","7700","4830","16.3","88.12","2.58","2.86","5090","13","14314","38","1.17","353","896"
"Little Rock AR 2012","Sml","2012","445","81","237","7100","4750","17.14","89.56","3.33","3.8","5125","13","14412","37","1.17","338","857"
"Little Rock AR 2013","Sml","2013","450","81","240","8205","5246","17.39","89.6","3.29","3.75","5176","13","14556","37","1.17","336","853"
"Little Rock AR 2014","Sml","2014","455","81","242","8271","5361","17.67","94.04","3.1","3.5","5262","13","14799","38","1.17","336","853"
"Los Angeles-Long Beach-Anaheim CA 2011","Vlg","2011","12480","2","5873","137813","116970","16.79","86.81","3.51","4.02","190873","25","607804","78","1.61","13685","1758"
"Los Angeles-Long Beach-Anaheim CA 2010","Vlg","2010","12430","2","5828","132195","116042","16.3","88.12","3.05","3.2","189187","24","602436","78","1.61","13992","1797"
"Los Angeles-Long Beach-Anaheim CA 2012","Vlg","2012","12525","2","5904","131200","117015","17.14","89.56","3.89","4.2","192917","25","614314","79","1.61","13552","1741"
"Los Angeles-Long Beach-Anaheim CA 2013","Vlg","2013","12575","2","5928","119806","117290","17.39","89.6","3.89","4.12","194648","25","619823","79","1.61","13476","1731"
"Los Angeles-Long Beach-Anaheim CA 2014","Vlg","2014","12635","2","5881","121603","119049","17.67","94.04","3.63","3.85","195491","25","622509","80","1.62","13318","1711"
"Louisville-Jefferson County KY-IN 2011","Lrg","2011","1015","44","535","12250","9384","16.79","86.81","3.29","3.61","16486","20","32916","44","1.23","836","1019"
"Louisville-Jefferson County KY-IN 2010","Lrg","2010","1000","45","525","12160","9315","16.3","88.12","2.64","2.9","16226","20","32398","44","1.23","849","1035"
"Louisville-Jefferson County KY-IN 2012","Lrg","2012","1030","44","544","12310","9430","17.14","89.56","3.48","3.84","16637","20","33219","44","1.23","827","1008"
"Louisville-Jefferson County KY-IN 2013","Lrg","2013","1070","43","565","11877","9069","17.39","89.6","3.45","3.88","16999","21","33942","43","1.23","833","1015"
"Louisville-Jefferson County KY-IN 2014","Lrg","2014","1110","41","585","12020","9178","17.67","94.04","3.21","3.6","17841","22","35622","43","1.23","860","1048"
"Madison WI 2011","Sml","2011","415","83","185","3499","2935","16.79","86.81","3.42","3.71","5356","17","10351","35","1.2","276","890"
"Madison WI 2010","Sml","2010","400","83","177","3356","2899","16.3","88.12","2.71","2.99","5232","17","10113","36","1.2","278","897"
"Madison WI 2012","Sml","2012","425","83","189","3085","2780","17.14","89.56","3.6","3.91","5514","18","10658","35","1.2","278","898"
"Madison WI 2013","Sml","2013","430","83","192","3501","3693","17.39","89.6","3.63","3.91","5701","18","11019","36","1.21","284","915"
"Madison WI 2014","Sml","2014","435","83","194","3641","3807","17.67","94.04","3.32","3.65","5773","19","11159","36","1.21","283","911"
"McAllen TX 2011","Med","2011","690","61","364","3192","6178","16.79","86.81","3.29","3.56","6736","12","14898","29","1.16","343","627"
"McAllen TX 2010","Med","2010","675","61","355","3120","6039","16.3","88.12","2.56","2.83","6572","12","14535","29","1.16","346","631"
"McAllen TX 2012","Med","2012","705","61","372","3225","5980","17.14","89.56","3.33","3.75","6969","13","15413","29","1.17","348","635"
"McAllen TX 2013","Med","2013","720","60","380","2676","6039","17.39","89.6","3.37","3.76","7208","13","15942","29","1.17","355","647"
"McAllen TX 2014","Med","2014","735","60","381","2622","6105","17.67","94.04","3.12","3.47","7336","13","16226","30","1.17","355","649"
"Memphis TN-MS-AR 2011","Lrg","2011","1060","42","569","8541","12832","16.79","86.81","3.21","3.57","17512","20","35920","42","1.21","939","1079"
"Memphis TN-MS-AR 2010","Lrg","2010","1050","42","562","8493","12759","16.3","88.12","2.58","2.84","17557","20","36013","42","1.21","971","1116"
"Memphis TN-MS-AR 2012","Lrg","2012","1065","42","573","8530","12725","17.14","89.56","3.32","3.75","17702","20","36310","42","1.21","930","1069"
"Memphis TN-MS-AR 2013","Lrg","2013","1070","43","576","9237","12979","17.39","89.6","3.29","3.78","17842","21","36597","42","1.21","923","1062"
"Memphis TN-MS-AR 2014","Lrg","2014","1085","43","572","9339","13122","17.67","94.04","3.06","3.49","18440","21","37824","43","1.21","939","1080"
"Miami FL 2011","Vlg","2011","5620","4","2718","43452","50848","16.79","86.81","3.24","3.65","86171","23","186946","50","1.29","4462","1174"
"Miami FL 2010","Vlg","2010","5550","4","2739","42731","52000","16.3","88.12","2.74","2.96","84760","22","183884","49","1.29","4527","1191"
"Miami FL 2012","Vlg","2012","5720","4","2751","41775","49680","17.14","89.56","3.5","3.87","87957","23","190819","50","1.3","4462","1174"
"Miami FL 2013","Vlg","2013","5800","4","2748","41175","49181","17.39","89.6","3.47","3.9","89742","24","194692","51","1.3","4487","1180"
"Miami FL 2014","Vlg","2014","5860","4","2724","40928","49525","17.67","94.04","3.27","3.6","90320","24","195946","52","1.3","4444","1169"
"Milwaukee WI 2011","Lrg","2011","1405","36","695","11490","15200","16.79","86.81","3.42","3.71","21465","22","36814","37","1.2","1012","1016"
"Milwaukee WI 2010","Lrg","2010","1405","35","693","11459","15129","16.3","88.12","2.71","2.99","21349","21","36616","37","1.2","1038","1042"
"Milwaukee WI 2012","Lrg","2012","1405","37","697","11195","14510","17.14","89.56","3.6","3.91","21685","22","37192","37","1.2","1002","1005"
"Milwaukee WI 2013","Lrg","2013","1410","37","699","11340","13962","17.39","89.6","3.63","3.91","21847","22","37469","37","1.2","995","998"
"Milwaukee WI 2014","Lrg","2014","1410","37","689","11170","14241","17.67","94.04","3.32","3.65","21957","22","37659","38","1.2","984","987"
"Minneapolis-St. Paul MN-WI 2011","Lrg","2011","2760","16","1356","30383","23919","16.79","86.81","3.39","3.72","36822","17","95261","46","1.3","2208","1041"
"Minneapolis-St. Paul MN-WI 2010","Lrg","2010","2730","16","1337","30085","23685","16.3","88.12","2.71","3.01","35835","17","92707","45","1.3","2217","1045"
"Minneapolis-St. Paul MN-WI 2012","Lrg","2012","2785","16","1371","28765","23875","17.14","89.56","3.48","3.96","37444","18","96869","46","1.3","2200","1037"
"Minneapolis-St. Paul MN-WI 2013","Lrg","2013","2810","16","1383","29550","25831","17.39","89.6","3.49","3.88","38065","18","98477","46","1.31","2204","1039"
"Minneapolis-St. Paul MN-WI 2014","Lrg","2014","2815","16","1383","30259","26451","17.67","94.04","3.3","3.72","38542","18","99710","47","1.31","2196","1035"
"Nashville-Davidson TN 2011","Lrg","2011","1145","39","598","14974","11405","16.79","86.81","3.21","3.57","17862","21","36465","44","1.27","997","1150"
"Nashville-Davidson TN 2010","Lrg","2010","1130","39","589","14765","11246","16.3","88.12","2.58","2.84","17023","20","34751","42","1.26","980","1131"
"Nashville-Davidson TN 2012","Lrg","2012","1165","39","610","15260","11450","17.14","89.56","3.32","3.75","18930","22","38643","45","1.27","1035","1194"
"Nashville-Davidson TN 2013","Lrg","2013","1180","38","618","15817","11584","17.39","89.6","3.29","3.78","19017","22","38822","45","1.27","1025","1183"
"Nashville-Davidson TN 2014","Lrg","2014","1200","38","616","16339","11781","17.67","94.04","3.05","3.49","19093","22","38977","45","1.27","1013","1168"
"New Haven CT 2011","Med","2011","560","72","270","7860","4018","16.79","86.81","3.59","3.9","7854","19","16234","39","1.18","399","970"
"New Haven CT 2010","Med","2010","555","72","266","7873","4025","16.3","88.12","2.91","3.2","7832","19","16188","39","1.18","411","997"
"New Haven CT 2012","Med","2012","560","74","270","7465","4075","17.14","89.56","3.78","4.15","7870","19","16267","39","1.18","392","952"
"New Haven CT 2013","Med","2013","560","74","270","7697","4005","17.39","89.6","3.82","4.2","7924","19","16380","39","1.18","389","945"
"New Haven CT 2014","Med","2014","560","75","265","7820","3929","17.67","94.04","3.65","3.87","7949","19","16430","40","1.19","384","932"
"New Orleans LA 2011","Med","2011","935","48","486","4763","7670","16.79","86.81","3.28","3.56","18376","21","38085","45","1.37","1038","1188"
"New Orleans LA 2010","Med","2010","930","47","481","4696","7562","16.3","88.12","2.61","2.84","18042","21","37392","45","1.37","1051","1203"
"New Orleans LA 2012","Med","2012","940","48","489","4950","7735","17.14","89.56","3.35","3.74","18412","21","38159","45","1.37","1019","1166"
"New Orleans LA 2013","Med","2013","955","48","497","5384","8182","17.39","89.6","3.34","3.75","18399","21","38133","45","1.36","1004","1149"
"New Orleans LA 2014","Med","2014","975","47","506","5422","8239","17.67","94.04","3.14","3.48","18895","22","39159","45","1.37","1014","1161"
"New York-Newark NY-NJ-CT 2011","Vlg","2011","18860","1","5193","117496","112322","16.79","86.81","3.65","3.99","289273","34","612512","72","1.38","15095","1784"
"New York-Newark NY-NJ-CT 2010","Vlg","2010","18800","1","5155","116913","110765","16.3","88.12","2.95","3.21","284186","34","601741","72","1.38","15297","1808"
"New York-Newark NY-NJ-CT 2012","Vlg","2012","18900","1","5215","114560","105535","17.14","89.56","3.75","4.17","291974","35","618232","73","1.39","14927","1765"
"New York-Newark NY-NJ-CT 2013","Vlg","2013","18970","1","5234","120723","108364","17.39","89.6","3.79","4.2","294204","35","622952","73","1.39","14824","1752"
"New York-Newark NY-NJ-CT 2014","Vlg","2014","19040","1","5176","122655","110098","17.67","94.04","3.42","3.65","296701","35","628241","74","1.39","14712","1739"
"Oklahoma City OK 2011","Lrg","2011","940","47","517","10647","13048","16.79","86.81","3.26","3.53","18342","20","39824","46","1.2","946","1019"
"Oklahoma City OK 2010","Lrg","2010","925","48","506","10385","12849","16.3","88.12","2.55","2.76","17683","19","38392","45","1.19","940","1013"
"Oklahoma City OK 2012","Lrg","2012","960","47","528","10500","13140","17.14","89.56","3.33","3.75","19149","21","41576","47","1.2","967","1042"
"Oklahoma City OK 2013","Lrg","2013","980","46","539","10871","13116","17.39","89.6","3.35","3.66","19864","21","43128","47","1.2","989","1066"
"Oklahoma City OK 2014","Lrg","2014","1000","45","550","11088","13287","17.67","94.04","3.21","3.43","21027","23","45652","49","1.21","1030","1110"
"Omaha NE-IA 2011","Med","2011","730","58","382","5119","6725","16.79","86.81","3.44","3.64","8844","15","16904","31","1.2","397","690"
"Omaha NE-IA 2010","Med","2010","720","58","375","4971","6663","16.3","88.12","2.74","2.92","8757","15","16737","31","1.2","406","705"
"Omaha NE-IA 2012","Med","2012","740","57","388","5070","6010","17.14","89.56","3.47","3.88","9423","16","18011","32","1.21","415","721"
"Omaha NE-IA 2013","Med","2013","755","56","396","5182","5954","17.39","89.6","3.5","3.81","9479","16","18118","32","1.21","411","714"
"Omaha NE-IA 2014","Med","2014","770","56","396","5369","5978","17.67","94.04","3.35","3.55","9535","17","18224","32","1.2","407","707"
"Orlando FL 2011","Lrg","2011","1515","32","775","13353","16909","16.79","86.81","3.24","3.65","22686","20","49967","45","1.25","1203","1041"
"Orlando FL 2010","Lrg","2010","1485","32","771","13154","16657","16.3","88.12","2.74","2.96","22607","20","49792","45","1.25","1237","1070"
"Orlando FL 2012","Lrg","2012","1555","32","782","12285","16240","17.14","89.56","3.5","3.87","22883","20","50400","45","1.25","1189","1029"
"Orlando FL 2013","Lrg","2013","1600","31","804","12825","16732","17.39","89.6","3.47","3.9","23352","20","51433","44","1.25","1196","1035"
"Orlando FL 2014","Lrg","2014","1615","31","797","12928","17251","17.67","94.04","3.27","3.6","23938","21","52723","46","1.25","1207","1044"
"Oxnard CA 2011","Sml","2011","355","88","180","7015","6324","16.79","86.81","3.51","4.02","2137","8","5991","23","1.36","134","496"
"Oxnard CA 2010","Sml","2010","350","89","177","6956","6271","16.3","88.12","3.05","3.2","2041","8","5723","22","1.36","133","489"
"Oxnard CA 2012","Sml","2012","360","88","183","7060","6365","17.14","89.56","3.89","4.2","2184","8","6123","23","1.36","135","497"
"Oxnard CA 2013","Sml","2013","365","88","186","2018","3197","17.39","89.6","3.89","4.12","2206","8","6185","23","1.36","134","495"
"Oxnard CA 2014","Sml","2014","370","89","185","2093","3255","17.67","94.04","3.63","3.85","2241","8","6282","23","1.36","134","494"
"Pensacola FL-AL 2011","Sml","2011","360","87","178","1419","5058","16.79","86.81","3.24","3.65","5046","17","10858","39","1.18","256","880"
"Pensacola FL-AL 2010","Sml","2010","360","87","177","1407","5016","16.3","88.12","2.74","2.96","4978","17","10711","38","1.18","260","896"
"Pensacola FL-AL 2012","Sml","2012","365","87","181","1370","4945","17.14","89.56","3.5","3.87","5072","17","10914","38","1.18","252","867"
"Pensacola FL-AL 2013","Sml","2013","370","87","183","1541","4912","17.39","89.6","3.47","3.9","5099","18","10971","38","1.18","250","859"
"Pensacola FL-AL 2014","Sml","2014","375","86","182","1598","4932","17.67","94.04","3.27","3.6","5120","18","11017","38","1.18","247","849"
"Philadelphia PA-NJ-DE-MD 2011","Vlg","2011","5490","5","2366","34246","45784","16.79","86.81","3.41","3.79","77271","23","156807","47","1.28","3852","1167"
"Philadelphia PA-NJ-DE-MD 2010","Vlg","2010","5465","5","2377","34144","45648","16.3","88.12","2.78","3.12","77041","23","156341","47","1.28","3962","1200"
"Philadelphia PA-NJ-DE-MD 2012","Vlg","2012","5520","5","2334","33735","45055","17.14","89.56","3.55","4","76855","23","155963","47","1.28","3754","1137"
"Philadelphia PA-NJ-DE-MD 2013","Vlg","2013","5550","5","2346","35794","45028","17.39","89.6","3.52","3.93","77425","23","157119","47","1.28","3727","1129"
"Philadelphia PA-NJ-DE-MD 2014","Vlg","2014","5560","5","2305","36224","45884","17.67","94.04","3.29","3.57","77456","23","157183","48","1.28","3669","1112"
"Phoenix-Mesa AZ 2011","Vlg","2011","3790","12","1902","29657","35248","16.79","86.81","3.19","3.68","70974","23","145550","50","1.31","3581","1181"
"Phoenix-Mesa AZ 2010","Vlg","2010","3740","12","1870","29278","34798","16.3","88.12","2.7","2.99","69132","23","141773","50","1.3","3598","1187"
"Phoenix-Mesa AZ 2012","Vlg","2012","3850","11","1942","30025","34460","17.14","89.56","3.34","3.94","73327","24","150376","51","1.31","3625","1196"
"Pittsburgh PA 2011","Lrg","2011","1775","28","853","11431","16218","16.79","86.81","3.41","3.79","22705","20","42155","36","1.22","1021","881"
"Pittsburgh PA 2010","Lrg","2010","1775","28","850","11754","16200","16.3","88.12","2.78","3.12","22140","19","41105","36","1.22","1027","886"
"Pittsburgh PA 2012","Lrg","2012","1770","28","852","8800","15700","17.14","89.56","3.55","4","23208","20","43089","37","1.23","1023","882"
"Pittsburgh PA 2013","Lrg","2013","1770","28","852","8820","15056","17.39","89.6","3.52","3.93","23496","20","43622","38","1.23","1021","880"
"Pittsburgh PA 2014","Lrg","2014","1765","28","854","9093","14740","17.67","94.04","3.38","3.73","24107","21","44758","39","1.23","1030","889"
"Portland OR-WA 2011","Lrg","2011","1925","23","811","15084","14039","16.79","86.81","3.56","3.91","36403","26","66482","50","1.38","1705","1231"
"Portland OR-WA 2010","Lrg","2010","1900","23","798","14788","13857","16.3","88.12","2.86","3.1","34112","25","62297","48","1.36","1648","1190"
"Portland OR-WA 2012","Lrg","2012","1950","23","824","13565","13880","17.14","89.56","3.67","4.06","38188","28","69742","52","1.39","1753","1266"
"Portland OR-WA 2013","Lrg","2013","1975","23","834","13536","13799","17.39","89.6","3.7","3.92","38878","28","71002","52","1.4","1759","1270"
"Poughkeepsie-Newburgh NY-NJ 2011","Sml","2011","440","82","208","5123","4779","16.79","86.81","3.65","3.99","5425","16","12174","35","1.13","299","865"
"Poughkeepsie-Newburgh NY-NJ 2010","Sml","2010","440","81","207","5114","4770","16.3","88.12","2.95","3.21","5348","15","12002","35","1.12","304","880"
"Poughkeepsie-Newburgh NY-NJ 2012","Sml","2012","440","82","208","5050","4670","17.14","89.56","3.75","4.17","5536","16","12423","36","1.13","299","865"
"Poughkeepsie-Newburgh NY-NJ 2013","Sml","2013","440","82","208","5301","4718","17.39","89.6","3.79","4.2","5646","16","12672","36","1.13","300","870"
"Poughkeepsie-Newburgh NY-NJ 2014","Sml","2014","440","82","205","5455","4869","17.67","94.04","3.63","3.92","5723","17","12843","37","1.13","299","867"
"Providence RI-MA 2011","Lrg","2011","1180","38","594","11861","10431","16.79","86.81","3.53","3.76","18536","21","37173","42","1.22","875","984"
"Providence RI-MA 2010","Lrg","2010","1180","38","589","11871","10439","16.3","88.12","2.82","3.08","18053","20","36203","41","1.22","879","989"
"Providence RI-MA 2012","Lrg","2012","1180","38","598","11150","9980","17.14","89.56","3.6","3.96","18659","21","37419","42","1.22","863","971"
"Providence RI-MA 2013","Lrg","2013","1180","38","600","11135","10045","17.39","89.6","3.64","3.97","18782","21","37666","43","1.22","856","963"
"Providence RI-MA 2014","Lrg","2014","1180","40","605","11302","10286","17.67","94.04","3.44","3.65","18853","21","37809","43","1.22","846","951"
"Provo-Orem UT 2011","Med","2011","500","79","238","4031","3141","16.79","86.81","3.33","3.69","4903","13","7063","20","1.12","245","644"
"Provo-Orem UT 2010","Med","2010","485","79","230","3955","3082","16.3","88.12","2.8","3.07","4749","12","6841","20","1.12","245","643"
"Provo-Orem UT 2012","Med","2012","515","77","245","3870","3270","17.14","89.56","3.24","3.91","5261","14","7579","21","1.12","258","677"
"Provo-Orem UT 2013","Med","2013","530","76","253","3995","3204","17.39","89.6","3.61","3.89","5626","15","8104","21","1.13","271","713"
"Provo-Orem UT 2014","Med","2014","540","76","253","4143","3150","17.67","94.04","3.51","3.73","5677","15","8178","21","1.13","270","708"
"Raleigh NC 2011","Med","2011","920","50","473","12738","12427","16.79","86.81","3.32","3.64","8653","13","21852","33","1.19","502","730"
"Raleigh NC 2010","Med","2010","910","50","466","12493","12575","16.3","88.12","2.7","2.93","8603","13","21724","33","1.19","514","749"
"Raleigh NC 2012","Med","2012","935","49","482","12585","12765","17.14","89.56","3.49","3.89","8689","13","21941","33","1.18","493","718"
"Raleigh NC 2013","Med","2013","950","49","489","8486","9852","17.39","89.6","3.44","3.89","9120","13","23031","34","1.19","510","743"
"Raleigh NC 2014","Med","2014","965","48","487","8588","10138","17.67","94.04","3.2","3.58","9159","13","23128","34","1.19","504","734"
"Richmond VA 2011","Lrg","2011","975","46","499","11843","9982","16.79","86.81","3.29","3.6","10322","13","24944","33","1.13","562","733"
"Richmond VA 2010","Lrg","2010","970","46","494","11758","9910","16.3","88.12","2.63","2.88","10287","13","24860","33","1.13","577","754"
"Richmond VA 2012","Lrg","2012","985","45","505","11660","9875","17.14","89.56","3.39","3.78","10444","14","25239","33","1.13","557","727"
"Richmond VA 2013","Lrg","2013","995","45","510","11638","9578","17.39","89.6","3.37","3.77","10731","14","25934","34","1.13","564","736"
"Richmond VA 2014","Lrg","2014","1000","45","503","11719","9492","17.67","94.04","3.09","3.48","10802","14","26104","34","1.13","558","729"
"Riverside-San Bernardino CA 2010","Lrg","2010","1970","22","1038","21994","13827","16.3","88.12","3.05","3.2","28354","17","91391","57","1.49","2205","1318"
"Riverside-San Bernardino CA 2014","Lrg","2014","2020","22","1081","32679","17079","17.67","94.04","3.63","3.85","30732","18","99058","59","1.51","2201","1316"
"Rochester NY 2011","Med","2011","720","59","362","6302","6588","16.79","86.81","3.65","3.99","10352","20","20196","38","1.18","484","918"
"Rochester NY 2010","Med","2010","720","58","361","6294","6579","16.3","88.12","2.95","3.21","10338","20","20169","38","1.18","499","946"
"Rochester NY 2012","Med","2012","720","59","363","5815","6365","17.14","89.56","3.75","4.17","10428","20","20345","38","1.18","478","906"
"Rochester NY 2013","Med","2013","720","60","363","5832","6404","17.39","89.6","3.79","4.2","10504","20","20493","38","1.18","475","900"
"Rochester NY 2014","Med","2014","720","61","356","5978","6571","17.67","94.04","3.63","3.92","10550","20","20582","39","1.19","469","889"
"Sacramento CA 2011","Lrg","2011","1780","27","862","15556","14377","16.79","86.81","3.51","3.65","24926","18","57098","42","1.26","1332","956"
"Sacramento CA 2010","Lrg","2010","1770","29","852","15400","14233","16.3","88.12","3.05","3.2","24673","18","56519","42","1.26","1360","976"
"Sacramento CA 2012","Lrg","2012","1785","27","870","15170","14335","17.14","89.56","3.89","4.2","25534","18","58490","43","1.26","1336","959"
"Sacramento CA 2013","Lrg","2013","1800","27","884","15607","17199","17.39","89.6","3.89","4.12","26141","19","59881","43","1.26","1348","968"
"Sacramento CA 2014","Lrg","2014","1810","27","897","16200","17371","17.67","94.04","3.63","3.85","26289","19","60220","43","1.26","1334","958"
"Salem OR 2011","Sml","2011","245","97","122","1617","2049","16.79","86.81","3.56","3.91","4100","21","6698","35","1.17","177","888"
"Salem OR 2010","Sml","2010","245","96","122","1560","2032","16.3","88.12","2.86","3.1","4167","21","6807","35","1.17","186","931"
"Salem OR 2012","Sml","2012","250","96","125","1495","2010","17.14","89.56","3.67","4.06","4128","21","6744","34","1.17","175","876"
"Salt Lake City-West Valley City UT 2011","Lrg","2011","1025","43","503","8444","8403","16.79","86.81","3.33","3.69","14540","20","24012","35","1.22","731","994"
"Salt Lake City-West Valley City UT 2010","Lrg","2010","1010","44","496","8312","8272","16.3","88.12","2.8","3.07","14033","19","23174","34","1.21","728","989"
"Salt Lake City-West Valley City UT 2012","Lrg","2012","1050","43","496","8290","8310","17.14","89.56","3.24","3.91","15333","21","25322","37","1.23","755","1027"
"Salt Lake City-West Valley City UT 2013","Lrg","2013","1075","42","518","8527","8258","17.39","89.6","3.61","3.89","15702","21","25931","36","1.22","762","1036"
"Salt Lake City-West Valley City UT 2014","Lrg","2014","1100","42","530","8757","8341","17.67","94.04","3.51","3.73","16304","22","26925","37","1.23","779","1059"
"San Antonio TX 2011","Lrg","2011","1840","24","958","19114","13345","16.79","86.81","3.29","3.56","26063","18","58197","41","1.32","1392","954"
"San Antonio TX 2010","Lrg","2010","1800","25","933","18758","13097","16.3","88.12","2.56","2.83","25136","17","56127","41","1.31","1385","949"
"San Antonio TX 2012","Lrg","2012","1870","25","975","20645","13210","17.14","89.56","3.33","3.75","27138","19","60597","42","1.32","1420","973"
"San Antonio TX 2013","Lrg","2013","1905","26","993","21185","12866","17.39","89.6","3.37","3.76","27989","19","62497","43","1.33","1443","989"
"San Antonio TX 2014","Lrg","2014","1935","26","989","21270","12956","17.67","94.04","3.12","3.47","28809","20","64328","44","1.33","1462","1002"
"San Diego CA 2011","Vlg","2011","3010","15","1425","37243","22240","16.79","86.81","3.51","4.02","19976","11","76479","41","1.31","1680","899"
"San Diego CA 2010","Vlg","2010","2985","15","1408","36837","21998","16.3","88.12","3.05","3.2","19398","10","74266","40","1.31","1683","901"
"San Diego CA 2012","Vlg","2012","3035","15","1439","36485","21860","17.14","89.56","3.89","4.2","20410","11","78141","41","1.31","1682","900"
"San Diego CA 2013","Vlg","2013","3060","15","1451","39540","21718","17.39","89.6","3.89","4.12","20687","11","79202","41","1.32","1680","899"
"San Diego CA 2014","Vlg","2014","3090","15","1398","39817","22543","17.67","94.04","3.63","3.85","20742","11","79412","42","1.32","1658","887"
"San Francisco-Oakland CA 2011","Vlg","2011","3410","13","1253","51843","30467","16.79","86.81","3.51","4.02","57841","31","135520","73","1.54","3070","1636"
"San Francisco-Oakland CA 2010","Vlg","2010","3400","13","1245","51299","30148","16.3","88.12","3.05","3.2","57298","31","134248","73","1.54","3137","1671"
"San Francisco-Oakland CA 2012","Vlg","2012","3440","13","1267","52510","30860","17.14","89.56","3.89","4.2","60861","32","142596","76","1.56","3165","1686"
"San Francisco-Oakland CA 2013","Vlg","2013","3470","13","1278","27612","23637","17.39","89.6","3.89","4.12","61918","33","145072","77","1.56","3174","1691"
"San Francisco-Oakland CA 2014","Vlg","2014","3480","13","1264","28137","24086","17.67","94.04","3.63","3.85","62320","33","146013","78","1.57","3143","1675"
"San Jose CA 2011","Lrg","2011","1820","26","930","17146","16563","16.79","86.81","3.51","4.02","39125","25","93035","64","1.48","2088","1332"
"San Jose CA 2010","Lrg","2010","1815","24","924","16922","16347","16.3","88.12","3.05","3.2","35692","23","84870","59","1.45","1965","1253"
"San Jose CA 2012","Lrg","2012","1865","26","954","17070","15720","17.14","89.56","3.89","4.2","40396","26","96056","65","1.49","2113","1347"
"San Jose CA 2013","Lrg","2013","1920","25","989","27039","17462","17.39","89.6","3.89","4.12","41981","27","99825","65","1.49","2164","1380"
"San Jose CA 2014","Lrg","2014","1950","25","1013","27553","17794","17.67","94.04","3.63","3.85","43972","28","104559","67","1.5","2230","1422"
"San Juan PR 2011","Lrg","2011","2140","21","1100","12549","13120","16.79","86.81","3.75","4.1","32325","23","58328","40","1.34","1633","1170"
"San Juan PR 2010","Lrg","2010","2130","21","1091","12426","12891","16.3","88.12","3.47","4.04","31749","23","57289","39","1.33","1655","1186"
"San Juan PR 2012","Lrg","2012","2110","21","1087","11110","12770","17.14","89.56","4.11","4.79","32879","24","59328","41","1.35","1628","1166"
"San Juan PR 2013","Lrg","2013","2075","21","1069",,,"17.39","89.6","4.35","4.91","33134","24","59788","42","1.35","1617","1158"
"San Juan PR 2014","Lrg","2014","2055","21","1038","0","0","17.67","94.04","4.21","4.86","33418","24","60301","43","1.36","1605","1150"
"Sarasota-Bradenton FL 2011","Med","2011","645","63","329","2517","6308","16.79","86.81","3.24","3.65","6121","12","13085","25","1.16","306","577"
"Sarasota-Bradenton FL 2010","Med","2010","640","63","325","2491","6244","16.3","88.12","2.74","2.96","6009","11","12845","25","1.16","310","584"
"Sarasota-Bradenton FL 2012","Med","2012","650","63","332","2405","6295","17.14","89.56","3.5","3.87","6171","12","13190","25","1.16","302","570"
"Sarasota-Bradenton FL 2013","Med","2013","660","63","337","2623","6235","17.39","89.6","3.47","3.9","6454","12","13796","26","1.17","311","587"
"Sarasota-Bradenton FL 2014","Med","2014","670","63","336","2641","6335","17.67","94.04","3.27","3.6","6574","12","14053","26","1.17","312","589"
"Seattle WA 2011","Vlg","2011","3220","14","1451","33207","27828","16.79","86.81","3.6","3.96","58247","26","131091","61","1.45","3249","1471"
"Seattle WA 2010","Vlg","2010","3200","14","1437","32197","27413","16.3","88.12","2.95","3.24","56895","26","128047","60","1.45","3274","1482"
"Seattle WA 2012","Vlg","2012","3260","14","1471","30745","27695","17.14","89.56","3.68","4.11","59584","27","134099","62","1.45","3257","1474"
"Seattle WA 2013","Vlg","2013","3310","14","1494","28553","28187","17.39","89.6","3.74","4.02","61809","28","139107","63","1.46","3330","1507"
"Seattle WA 2014","Vlg","2014","3325","14","1501","28010","27708","17.67","94.04","3.54","3.77","62136","28","139842","63","1.46","3294","1491"
"Spokane WA 2011","Sml","2011","385","85","191","2369","4262","16.79","86.81","3.6","3.96","7558","22","12397","37","1.17","313","914"
"Spokane WA 2010","Sml","2010","380","85","188","2300","4240","16.3","88.12","2.95","3.24","7481","22","12270","37","1.17","320","933"
"Spokane WA 2012","Sml","2012","385","85","191","2135","4145","17.14","89.56","3.68","4.11","7670","22","12580","38","1.17","311","909"
"Spokane WA 2013","Sml","2013","385","85","191","2153","4233","17.39","89.6","3.74","4.02","7819","23","12825","38","1.18","313","913"
"Spokane WA 2014","Sml","2014","390","85","197","2200","4377","17.67","94.04","3.54","3.77","7928","23","13004","38","1.17","312","911"
"Springfield MA-CT 2011","Med","2011","625","65","315","5613","5899","16.79","86.81","3.49","3.73","9029","18","17826","36","1.14","415","846"
"Springfield MA-CT 2010","Med","2010","625","65","314","5604","5890","16.3","88.12","2.75","3.04","8953","18","17677","36","1.14","425","866"
"Springfield MA-CT 2012","Med","2012","625","65","316","5375","6010","17.14","89.56","3.53","3.93","9242","19","18247","37","1.14","416","849"
"Springfield MA-CT 2013","Med","2013","625","65","316","5669","6421","17.39","89.6","3.58","3.94","9303","19","18368","37","1.14","413","842"
"Springfield MA-CT 2014","Med","2014","625","67","310","5850","6389","17.67","94.04","3.46","3.69","9335","19","18431","38","1.14","408","831"
"St. Louis MO-IL 2011","Lrg","2011","2195","20","1137","30207","19743","16.79","86.81","3.24","3.54","32329","20","67959","42","1.18","1688","1052"
"St. Louis MO-IL 2010","Lrg","2010","2195","20","1133","30181","19726","16.3","88.12","2.49","2.77","32302","20","67901","42","1.18","1740","1085"
"St. Louis MO-IL 2012","Lrg","2012","2200","20","1142","29490","19185","17.14","89.56","3.3","3.69","32565","20","68455","42","1.18","1666","1039"
"St. Louis MO-IL 2013","Lrg","2013","2200","20","1142","30557","19248","17.39","89.6","3.36","3.67","32801","20","68951","42","1.19","1654","1031"
"St. Louis MO-IL 2014","Lrg","2014","2200","20","1120","31260","19537","17.67","94.04","3.16","3.47","32991","21","69350","43","1.19","1637","1020"
"Stockton CA 2011","Sml","2011","385","85","201","3591","2235","16.79","86.81","3.51","4.02","2053","7","4997","17","1.14","152","531"
"Stockton CA 2010","Sml","2010","380","85","198","3547","2208","16.3","88.12","3.05","3.2","2014","7","4901","17","1.14","154","537"
"Stockton CA 2012","Sml","2012","380","86","199","3740","2245","17.14","89.56","3.89","4.2","2068","7","5032","17","1.15","150","523"
"Stockton CA 2013","Sml","2013","375","86","196","3595","2242","17.39","89.6","3.89","4.12","2082","7","5067","18","1.15","149","519"
"Stockton CA 2014","Sml","2014","375","86","193","3635","2258","17.67","94.04","3.63","3.85","2102","7","5115","18","1.15","148","516"
"Tampa-St. Petersburg FL 2011","Lrg","2011","2440","18","1264","14360","28370","16.79","86.81","3.24","3.65","29934","17","67736","39","1.23","1581","903"
"Tampa-St. Petersburg FL 2010","Lrg","2010","2395","18","1237","14174","28002","16.3","88.12","2.74","2.96","29391","17","66508","39","1.23","1602","914"
"Tampa-St. Petersburg FL 2012","Lrg","2012","2470","19","1282","14155","27185","17.14","89.56","3.5","3.87","30780","18","69650","40","1.23","1593","910"
"Tampa-St. Petersburg FL 2013","Lrg","2013","2500","19","1277","14318","27108","17.39","89.6","3.47","3.9","31405","18","71064","41","1.24","1602","915"
"Tampa-St. Petersburg FL 2014","Lrg","2014","2540","19","1270","14418","27894","17.67","94.04","3.27","3.6","31654","18","71628","41","1.24","1589","907"
"Toledo OH-MI 2011","Med","2011","520","75","272","4013","4344","16.79","86.81","3.25","3.69","7995","19","15048","36","1.18","380","916"
"Toledo OH-MI 2010","Med","2010","520","75","271","4021","4352","16.3","88.12","2.64","2.96","7697","19","14486","35","1.18","377","909"
"Toledo OH-MI 2012","Med","2012","520","75","273","3770","4055","17.14","89.56","3.58","3.87","8151","20","15340","37","1.18","379","915"
"Toledo OH-MI 2013","Med","2013","525","77","275","4165","4547","17.39","89.6","3.48","3.91","8355","20","15723","38","1.19","383","924"
"Toledo OH-MI 2014","Med","2014","525","77","270","4332","4729","17.67","94.04","3.16","3.67","8451","20","15905","38","1.19","381","920"
"Tucson AZ 2011","Med","2011","825","52","406","3793","10832","16.79","86.81","3.19","3.68","16074","21","33104","46","1.23","829","1092"
"Tucson AZ 2010","Med","2010","810","52","397","3761","10741","16.3","88.12","2.7","2.99","16034","21","33022","47","1.23","853","1124"
"Tucson AZ 2012","Med","2012","840","52","414","3755","10680","17.14","89.56","3.34","3.94","16438","22","33854","46","1.23","830","1094"
"Tucson AZ 2013","Med","2013","850","52","426","3784","11308","17.39","89.6","3.47","3.77","16594","22","34176","45","1.23","826","1089"
"Tucson AZ 2014","Med","2014","865","52","426","3826","11760","17.67","94.04","3.23","3.55","17477","23","35993","47","1.24","856","1128"
"Tulsa OK 2011","Med","2011","715","60","376","7634","8197","16.79","86.81","3.26","3.53","12824","19","27540","42","1.17","651","940"
"Tulsa OK 2010","Med","2010","710","60","372","7581","8140","16.3","88.12","2.55","2.76","12446","18","26729","41","1.17","652","941"
"Tulsa OK 2012","Med","2012","720","59","379","7440","8160","17.14","89.56","3.33","3.75","12968","19","27850","42","1.17","645","931"
"Tulsa OK 2013","Med","2013","730","59","384","7886","8985","17.39","89.6","3.35","3.66","13464","19","28915","43","1.17","660","953"
"Tulsa OK 2014","Med","2014","750","58","402","8036","9129","17.67","94.04","3.21","3.43","14128","20","30341","44","1.18","682","984"
"Virginia Beach VA 2011","Lrg","2011","1450","33","750","13144","18165","16.79","86.81","3.29","3.6","19147","18","46019","43","1.22","1024","956"
"Virginia Beach VA 2010","Lrg","2010","1450","33","748","13110","18118","16.3","88.12","2.63","2.88","19096","18","45895","43","1.22","1053","984"
"Virginia Beach VA 2012","Lrg","2012","1455","35","754","13120","16405","17.14","89.56","3.39","3.78","19185","18","46111","43","1.22","1005","939"
"Virginia Beach VA 2013","Lrg","2013","1455","35","746","13003","15843","17.39","89.6","3.37","3.77","19451","18","46750","44","1.22","1004","938"
"Virginia Beach VA 2014","Lrg","2014","1460","35","742","13003","15875","17.67","94.04","3.09","3.48","20085","19","48274","45","1.23","1020","953"
"Washington DC-VA-MD 2011","Vlg","2011","4650","8","1757","40082","49729","16.79","86.81","3.58","3.74","86134","35","199747","84","1.44","4690","1886"
"Washington DC-VA-MD 2010","Vlg","2010","4560","8","1717","39413","48899","16.3","88.12","2.86","3.11","85165","34","197499","85","1.44","4783","1924"
"Washington DC-VA-MD 2012","Vlg","2012","4740","8","1795","37680","45105","17.14","89.56","3.66","4.08","86607","35","200844","83","1.43","4620","1858"
"Washington DC-VA-MD 2013","Vlg","2013","4825","8","1827","37786","44894","17.39","89.6","3.79","4.05","86908","35","201541","82","1.42","4569","1838"
"Washington DC-VA-MD 2014","Vlg","2014","4920","8","1838","39071","45433","17.67","94.04","3.2","3.52","88130","35","204375","82","1.43","4560","1834"
"Wichita KS 2011","Med","2011","510","76","274","4558","4805","16.79","86.81","3.3","3.64","8068","17","15829","33","1.4","402","827"
"Wichita KS 2010","Med","2010","510","76","272","4500","4796","16.3","88.12","2.61","2.89","7793","16","15289","32","1.39","401","824"
"Wichita KS 2012","Med","2012","510","79","276","4215","4840","17.14","89.56","3.38","3.86","8255","17","16196","34","1.4","403","829"
"Wichita KS 2013","Med","2013","515","79","281","4070","5058","17.39","89.6","3.42","3.81","8330","17","16343","34","1.4","401","824"
"Wichita KS 2014","Med","2014","515","79","282","4005","5023","17.67","94.04","3.24","3.57","8594","18","16860","35","1.4","407","837"
"Winston-Salem NC 2011","Sml","2011","400","84","210","4777","1665","16.79","86.81","3.32","3.64","2362","7","6014","19","1.14","140","429"
"Winston-Salem NC 2010","Sml","2010","395","84","206","4740","1700","16.3","88.12","2.7","2.93","2376","7","6051","19","1.14","145","446"
"Winston-Salem NC 2012","Sml","2012","405","84","213","4685","1765","17.14","89.56","3.49","3.89","2369","7","6031","19","1.13","137","422"
"Winston-Salem NC 2013","Sml","2013","410","84","215","4792","1766","17.39","89.6","3.44","3.89","2379","7","6058","19","1.13","136","418"
"Winston-Salem NC 2014","Sml","2014","415","84","214","4969","1833","17.67","94.04","3.2","3.58","2400","7","6111","19","1.13","135","415"
"Worcester MA-CT 2011","Sml","2011","475","80","242","5764","4740","16.79","86.81","3.49","3.73","6203","18","12677","37","1.14","307","878"
"Worcester MA-CT 2010","Sml","2010","470","80","238","5751","4729","16.3","88.12","2.82","3.04","6140","18","12547","37","1.14","313","897"
"Worcester MA-CT 2012","Sml","2012","480","80","245","5680","4780","17.14","89.56","3.53","3.93","6155","18","12578","36","1.14","298","854"
"Worcester MA-CT 2013","Sml","2013","485","80","247","6225","5056","17.39","89.6","3.58","3.94","6401","18","13079","37","1.15","305","875"
"Worcester MA-CT 2014","Sml","2014","490","80","245","6107","5243","17.67","94.04","3.42","3.65","6432","18","13143","38","1.15","302","865"
